grid,velocity,T,density,X_H2,X_H,X_O,X_O2,X_OH,X_H2O,X_HO2,X_H2O2,X_C,X_CH,X_CH2,X_CH2(S),X_CH3,X_CH4,X_CO,X_CO2,X_HCO,X_CH2O,X_CH2OH,X_CH3O,X_CH3OH,X_C2H,X_C2H2,X_C2H3,X_C2H4,X_C2H5,X_C2H6,X_HCCO,X_CH2CO,X_HCCOH,X_N,X_NH,X_NH2,X_NH3,X_NNH,X_NO,X_NO2,X_N2O,X_HNO,X_CN,X_HCN,X_H2CN,X_HCNN,X_HCNO,X_HOCN,X_HNCO,X_NCO,X_N2,X_AR,X_C3H7,X_C3H8,X_CH2CHO,X_CH3CHO
0.0,0.00024608034785607107,300.0,1.1098832972482486,0.05413627602938174,0.0,4.961761433115525e-21,0.18422767577841878,0.0,0.011116145976335513,2.5889316489890262e-17,7.931060532383829e-10,0.0,0.0,6.0968279044987455e-24,0.0,7.109159037169155e-22,0.001290577484500542,0.015988551639313373,0.0067749702306340726,9.383967631257158e-29,1.3464043982466895e-11,0.0,2.8022348753476376e-33,1.4110787587501548e-12,1.0938291475602816e-23,1.1394714149553392e-16,6.25754252732184e-38,2.5463969569084583e-14,0.0,1.167199500178835e-14,0.0,1.0859695499396506e-16,1.139687790977146e-20,2.7904016785099876e-20,7.680493763125915e-24,0.0,1.3048013174973944e-18,1.8518852641124825e-32,2.112184250901296e-19,3.683667278087086e-15,2.2998667698231083e-13,0.0,0.0,1.362471614346256e-21,1.2218158232894163e-31,0.0,2.2421159760890003e-23,1.0997965817912311e-24,4.617265683567954e-19,1.837987193758419e-21,0.7264658020531638,0.0,9.485503035697635e-20,5.629922124079068e-20,5.159238197873927e-35,3.300502490111208e-19
0.005217391304347826,0.00024607755465154684,300.0013992459767,1.1098958950421396,0.054119849817442,0.0,1.3094000392240494e-22,0.18423076101879265,3.8446302896647704e-26,0.011116473293524507,2.7432116457604473e-17,8.406970863648371e-10,0.0,0.0,7.207538687218606e-31,0.0,7.499804411266396e-22,0.0012905979027106234,0.015988809452687536,0.0067750788150773514,1.3043183172380834e-31,1.4530885472321882e-11,0.0,3.909165193234322e-33,1.5249568398624181e-12,2.8371690925405996e-32,1.2239749183037856e-16,4.616835902393104e-42,2.7424432128223943e-14,1.2407482605812252e-27,1.2648082720713498e-14,1.132583936719976e-38,1.1859012386003754e-16,1.2460937063726432e-20,2.79261456174277e-23,1.469864236319274e-28,0.0,1.3780370854437953e-18,0.0,2.237936445423673e-19,3.945566087378227e-15,2.4819824423768753e-13,5.151202283657694e-29,0.0,1.4262139727239306e-21,1.226453839118542e-31,0.0,2.4188553990694267e-23,1.18649514462122e-24,4.999799534163558e-19,1.9791478357585483e-21,0.7264784288427198,0.0,8.95055146785341e-20,6.220187487214812e-20,5.099577843265817e-35,3.6067359386588664e-19
0.010434782608695651,0.0002460747540473709,300.0028666324423,1.1099085265168793,0.05410315736768124,2.301419643966986e-28,1.4835690375041274e-24,0.18423389429928883,4.47637872668281e-28,0.011116810857895633,2.9140536186587977e-17,8.911436334021049e-10,0.0,0.0,0.0,0.0,6.063064292543029e-22,0.001290618559349428,0.015989070754718854,0.0067751892922118615,5.4186869773810166e-33,1.568225357363065e-11,6.556185973200095e-39,3.317763569088728e-33,1.6480245541876397e-12,5.878969298969778e-41,1.3147443747550492e-16,1.6635328943760064e-43,2.953581674886669e-14,3.5900617086527454e-31,1.3705788481747942e-14,0.0,1.2950280593375298e-16,1.3604890837454955e-20,2.794734639986925e-26,0.0,0.0,1.4553967327293201e-18,0.0,2.238442679920992e-19,4.226082624563414e-15,2.6785181045161283e-13,5.9221397889915634e-30,0.0,1.4950796327048064e-21,1.2304299016257548e-31,2.5658536791975296e-39,2.609525814943354e-23,1.2800278383079034e-24,5.066338620135351e-19,1.1177630397524303e-22,0.7264912579600646,0.0,8.446359889422302e-20,6.785545395539845e-20,6.779023959584882e-37,3.941382313578469e-19
0.015652173913043476,0.00024607194777094045,300.00440548185793,1.1099211838843333,0.054086194367229,6.0266664460445e-29,1.5926469588716044e-26,0.18423707628316086,5.520927649636313e-30,0.011117159104026423,3.0988647093355234e-17,9.446170044428428e-10,0.0,0.0,0.0,1.8743886573975354e-43,4.3798412616287e-22,0.0012906394532077431,0.015989335561135957,0.0067753017033683445,1.4179872892836413e-33,1.692484462542515e-11,1.6163435394940643e-40,2.5482807462437796e-33,1.7810233953240786e-12,1.5275772763142104e-49,1.4122443552382935e-16,8.793258535830904e-44,3.180974023238034e-14,2.480603428450675e-31,1.485193571123639e-14,7.573385244560277e-39,1.4141957905126375e-16,1.485412560818969e-20,3.0547053753292637e-29,5.456804152355781e-35,0.0,1.5370986970370278e-18,6.893732358438831e-39,2.238844859243024e-19,4.526540228774103e-15,2.8906154212858324e-13,6.791099732521555e-31,8.923545481915509e-58,1.5694803668545652e-21,1.2347380645616261e-31,4.6786344803744335e-38,2.815225185012149e-23,1.3809333170261955e-24,5.118578175071279e-19,6.20530244759591e-24,0.7265042925642082,0.0,7.971291128875e-20,7.328276918519332e-20,8.09141832232004e-39,4.3070776407416907e-19
0.020869565217391303,0.0002460691376678478,300.00601927893865,1.1099338588221879,0.05406895643355681,4.7688855733096445e-29,1.1830492417506385e-28,0.18424030763759838,6.657817098242749e-31,0.011117518488116613,3.2939625408717104e-17,1.001298784400583e-09,0.0,1.6172056214390804e-39,7.1865474293179745e-40,9.741043319593147e-44,3.241139407692792e-22,0.001290660582778435,0.015989603885504775,0.0067754160913953854,1.1227575793365146e-33,1.8265885364119013e-11,5.182789712707927e-41,2.0043632612145592e-33,1.924754675824337e-12,3.159683596569222e-57,1.5169738678861964e-16,7.634622243740043e-44,3.4258713335402353e-14,2.257210663011535e-31,1.609391820358508e-14,3.6065909022615785e-40,1.5443281842656904e-16,1.6218329739929264e-20,5.489867903943109e-31,4.762224325718417e-36,0.0,1.6233858950190002e-18,5.4583296876906546e-39,2.2392693954025104e-19,4.848356283573403e-15,3.1195064312376174e-13,5.931079933643187e-32,0.0,1.649861037339456e-21,1.2394060503904052e-31,3.715461213059897e-40,3.037137991448843e-23,1.489792683665613e-24,5.173846604390908e-19,2.503353836983194e-25,0.7265175358591927,0.0,7.52381499446092e-20,7.85062573058492e-20,2.0659919800515337e-40,4.706702473110511e-19
0.03130434782608695,0.0002460635119403182,300.00948268874623,1.1099592345407587,0.05403364256786555,4.1553874355886835e-29,3.5835031845040675e-31,0.18424692044256233,6.9313735675340565e-31,0.011118272102424803,3.70227048013411e-17,1.1248639036093635e-09,0.0,8.219127229925528e-40,1.1704209686260306e-40,1.990327719019248e-44,1.9704797340628593e-22,0.0012907035434193124,0.01599015111960749,0.006775650930419421,9.784728075652386e-34,2.1266681372787453e-11,5.720330642338302e-41,1.3695341970300468e-33,2.2470089548091965e-12,3.263023015277486e-57,1.7497271105416626e-16,6.758268470421347e-44,3.972217175863103e-14,2.176927918234514e-31,1.8889393595855013e-14,8.480287512595174e-42,1.840509648342423e-16,1.9323349091565593e-20,0.0,1.7103801272770522e-37,0.0,1.810486084349216e-18,4.7573585080664915e-39,2.2401898717864923e-19,5.5606110475986625e-15,3.6316528027499646e-13,2.1298545933371065e-33,0.0,1.8300020281660644e-21,1.2499090388427343e-31,1.0728752692603694e-40,3.5334321322418807e-23,1.7332511988311097e-24,5.29730696064941e-19,4.036051085200242e-27,0.7265446581448958,0.0,6.707151244356617e-20,8.840809165926902e-20,1.5112287785397742e-40,5.617173175969464e-19
0.041739130434782605,0.00024605789141839444,300.0132835290169,1.1099845880342625,0.05399718400902411,3.662315417927504e-29,4.126665482015356e-32,0.18425373746017407,7.747066638913609e-31,0.011119075201883884,4.1236394338225956e-17,1.2632566115427388e-09,1.2031931750188685e-64,5.862439657999252e-40,7.288170146681947e-41,1.4490207198110812e-44,1.159955445969286e-22,0.0012907474266438497,0.015990712522890853,0.006775894131935269,8.625763296589244e-34,2.474297041339402e-11,6.619942417057151e-41,8.979260382768597e-34,2.6212713236073665e-12,4.2218352981170223e-57,2.016996622963828e-16,6.421807085416002e-44,4.602677879615332e-14,2.5556827812764208e-31,2.215234287427479e-14,5.694518994708142e-40,2.191193227033159e-16,2.2999879953473337e-20,0.0,6.139462372063692e-39,0.0,2.018586219705157e-18,4.194114298282133e-39,2.2412139812985187e-19,6.374127456499715e-15,4.2249005539138787e-13,7.64384422544895e-35,0.0,2.0391002676007492e-21,1.2621578335081685e-31,9.144370014155756e-41,4.107961873885478e-23,2.015090394824073e-24,5.440209484164991e-19,6.508227904389504e-29,0.7265726479563297,0.0,5.979608410433702e-20,9.778559727471466e-20,1.6066408249069595e-40,6.696590106795688e-19
0.05217391304347825,0.0002460522945788046,300.01745472049487,1.1100098359562085,0.05395954368153935,3.2380799444919495e-29,4.0211817349034477e-32,0.18426076411685913,8.689450918281601e-31,0.011119932112592521,4.597389359787122e-17,1.4182558490188967e-09,1.44600203039787e-64,5.1139555162421e-40,1.4408514462042203e-40,1.3372920894719336e-44,6.390927882303848e-23,0.0012907922107990874,0.015991288132167245,0.006776146087075166,7.629442749857246e-34,2.8770084870229616e-11,7.864760809521507e-41,5.515455744688298e-34,3.055933951716295e-12,5.479122104871398e-57,2.323900195660465e-16,6.596848370764925e-44,5.3302012351049724e-14,3.0860200979843237e-31,2.596092259149807e-14,4.498224921796355e-40,2.6064064291137766e-16,2.73531010999182e-20,0.0,2.213998656773912e-40,0.0,2.250042713308241e-18,3.709357907884568e-39,2.2423539777139673e-19,7.303299647404937e-15,4.912090712942343e-13,2.755966049630016e-36,6.7682595809094884e-62,2.2818101135619007e-21,1.2764359579390725e-31,1.03033013062251e-41,4.7730584722918944e-23,2.3413600152808855e-24,5.605620982154399e-19,1.050376726013803e-30,0.7266015322083075,0.0,5.332229672784002e-20,1.0681314221632506e-19,1.713614705839749e-40,7.976299253187654e-19
0.0626086956521739,0.0002460467422877672,300.02203240139,1.1100348841653602,0.05392068331409355,2.870620525483717e-29,3.796689104585782e-32,0.1842680058738369,9.843556657497666e-31,0.011120847596372692,5.195168430840518e-17,1.5918539105511933e-09,1.7728791126380247e-70,5.832027043891841e-46,2.6684511261522216e-43,1.0363300715883667e-44,3.1973310468390344e-23,0.0012908378678740664,0.01599187793538494,0.0067764072187281085,6.767483471718354e-34,3.3435288889414616e-11,9.63733589540579e-41,3.1181065395562306e-34,3.5607428449603343e-12,7.187382677249079e-57,2.6763142337168145e-16,7.410527706428754e-44,6.169727490676309e-14,3.603227870942442e-31,3.04063521113453e-14,1.603798962060275e-45,3.098021195357104e-16,3.250754391629354e-20,0.0,7.223189579052466e-42,0.0,2.5074762648322606e-18,3.28952841975664e-39,2.2436235846260084e-19,8.364567296347506e-15,5.708096986144229e-13,8.989647864302862e-38,8.026315455188508e-61,2.5635338405224155e-21,1.2930729904277598e-31,2.0438587158063426e-46,5.542996338819766e-23,2.7190631649847245e-24,5.797088809471389e-19,1.2224948309003704e-32,0.7266313385641879,0.0,4.756645510427502e-20,1.1567151995879697e-19,1.831351382525524e-40,9.493461340368564e-19
0.08347826086956521,0.0002460358422073985,300.0325263458132,1.1100840616793737,0.05383918492798258,2.276745450648826e-29,0.0,0.18428315096615933,1.3232579811751314e-30,0.011122869981776216,7.026791247711304e-17,2.0015316553775218e-09,0.0,0.0,0.0,3.147435198076758e-45,6.647229282890452e-24,0.0012909316943089323,0.015993099906190113,0.006776958381584594,5.379230680187749e-34,4.4982940585399836e-11,1.5900366653427522e-40,8.770830712639291e-35,4.814723246150279e-12,1.2951063485372913e-56,3.5378958392404737e-16,1.1847937937523219e-43,8.236456913318366e-14,4.5255893258064254e-31,4.152687656384678e-14,6.888421160676583e-39,4.3525892407767955e-16,4.5662082872426895e-20,3.35751572842594e-41,2.0818889627072032e-42,0.0,3.1090059742163474e-18,2.60878867517542e-39,2.2465976438712853e-19,1.0939657959171311e-14,7.678194742197758e-13,2.5902016616709405e-38,2.0407419160857925e-60,3.2628167435612047e-21,1.334572119473241e-31,0.0,7.446921291284954e-23,3.65306765156089e-24,6.270501039873412e-19,4.2759142927796044e-35,0.7266938020897654,0.0,3.8021169949636575e-20,1.3345588075879402e-19,2.101785163054899e-40,1.3372203849876814e-18
0.1252173913043478,0.0002460153373626739,300.05965393054794,1.1101765862599693,0.053660344995088545,1.4813281563706576e-29,0.0,0.18431618607267308,2.8405169403336226e-30,0.011127784334977726,1.5440789141776733e-16,3.1157703575580866e-09,0.0,0.0,0.0,7.864079510602964e-46,1.2666750982515224e-24,0.001291128616986853,0.015995710906983686,0.006778185290127469,3.5738857479956317e-34,7.905401101057241e-11,5.582750475218323e-40,3.6771084494363464e-35,8.536624420461557e-12,4.871465870202718e-56,6.027467836494246e-16,4.366529387037628e-43,1.427852173175668e-13,6.7623822816040605e-31,7.49223042148315e-14,0.0,8.246496366598741e-16,8.649485469936855e-20,1.1986008259254204e-43,4.5530953273534136e-42,0.0,4.717027521749392e-18,1.6995850381224674e-39,2.2545949810029593e-19,1.828588390869961e-14,1.3489776343403835e-12,5.658142192437497e-38,6.311801002908845e-60,5.3356686133327985e-21,1.4584893836212377e-31,0.0,1.3055120175854266e-22,6.40431442323794e-24,7.66475758530226e-19,6.223800352852164e-38,0.7268306565782152,0.0,2.479817593863227e-20,1.7389957559009164e-19,2.7753575651065578e-40,2.5447060075615447e-18
0.16695652173913042,0.0002459980618779706,300.0973681945127,1.1102545541697173,0.053458324805042666,9.621306033635537e-30,1.4506413712512437e-32,0.18435314389749957,6.95319652200519e-30,0.01113417791593197,3.8381186829895973e-16,4.764704793721368e-09,3.73974494944031e-63,0.0,1.146540919198875e-38,2.7410485037570408e-46,5.2339059335329044e-24,0.0012913351710674207,0.01599853300112551,0.006779605614148252,2.6353340277712837e-34,1.3471429234066486e-10,2.300107251367772e-39,3.768738401601206e-34,1.4660572126244546e-11,2.0214305424833267e-55,9.993436646487679e-16,1.809580613701176e-42,2.4040445250998295e-13,1.0822773625110855e-30,1.30648767815632e-13,2.600786438671209e-38,1.5005725120773867e-15,1.573829081844312e-19,1.154303306915398e-43,1.1514770458272796e-41,8.740677934655362e-42,7.046749521035317e-18,1.1062903194423406e-39,2.26630214255132e-19,2.980878838934797e-14,2.298168365496881e-12,1.4286524074705024e-37,2.5622289086100645e-59,8.74103960135035e-21,1.6635830024264386e-31,2.3319606795232832e-38,2.2198786045761144e-22,1.089006146681679e-23,9.937653175418977e-19,7.821507254164051e-41,0.726984874678403,0.0,1.6087285507519867e-20,2.334542345433312e-19,3.909387273880767e-40,4.648223409257386e-18
0.2504347826086956,0.00024598139231026765,300.2169958141084,1.1103298148731877,0.05297581356860745,5.238677484246516e-30,1.8070508998352085e-31,0.18443983369370054,3.414940705962162e-29,0.011153071402869572,1.892117375306714e-15,1.0435010970176837e-08,6.672970501706907e-64,3.4724631992438023e-38,1.239008963773932e-38,1.470388671942681e-44,9.224676169552107e-23,0.0012917599621389514,0.01600471096155856,0.006783166900442575,6.103580431166382e-34,3.5177974013858344e-10,2.9708265947642e-38,3.270299043220135e-32,3.875833005293781e-11,2.5561169212267884e-54,2.4977112202196614e-15,2.272389265612652e-41,6.158363107354822e-13,2.439523872670411e-30,3.5382515502265557e-13,7.122261784354763e-38,4.34368182284719e-15,4.55604221705629e-19,1.2021360090640599e-43,5.880183726008106e-41,9.325192550932506e-41,1.484086707966013e-17,6.115480976526029e-40,2.3061685936837675e-19,7.249730137240366e-14,5.998836254300271e-12,7.259462266630307e-37,3.764676823921316e-58,2.211528346256479e-20,2.475412696277928e-31,3.821106164197068e-39,5.776923002860814e-22,2.8340804894964527e-23,1.8778635620132228e-18,7.986083480888852e-42,0.7273516326780836,0.0,7.376792542474284e-21,4.763835518635295e-19,1.3178163541087537e-39,1.3535493178849639e-17
0.33391304347826084,0.00024601247917745806,300.4302059244418,1.1101895560331925,0.05236842547144745,1.8060184844151314e-29,2.1007072569154853e-31,0.18454536603681357,1.673034586623929e-28,0.01118482588296043,9.049737462784805e-15,2.1541477248980713e-08,9.867821666231936e-64,4.857213079461304e-38,2.571825266721336e-40,6.150512034842733e-43,2.3118292925793592e-21,0.0012921432808296921,0.016011206349676784,0.006788089778853572,6.0933247975995186e-33,8.436107816370778e-10,3.5067019560575855e-37,3.913602396908044e-30,9.392445669332383e-11,2.975122908798327e-53,5.771263413467156e-15,2.6892076909809645e-40,1.4530105548896528e-12,4.9507719847708646e-30,8.751214625341547e-13,9.152437314722923e-38,1.1366152510293696e-14,1.1923525378633278e-18,1.2950514251040725e-43,2.9880456286924493e-40,9.187808954782285e-40,2.96218958654141e-17,2.112136024595817e-39,2.383897215453139e-19,1.636743059447909e-13,1.4381568775466434e-11,3.65697319813371e-36,4.847487386870866e-57,5.266455031561488e-20,4.34500864953737e-31,4.8386742609096036e-39,1.38139670451017e-21,6.777131349841748e-23,3.875333057671667e-18,1.042805219453749e-41,0.7278099207035064,0.0,3.244313774880407e-21,1.1218301685172719e-18,1.273790030144216e-38,3.5598109253222855e-17
0.5008695652173912,0.00024637816633803715,301.3581105463566,1.1085419609948683,0.050684924964140496,1.4411762573299224e-27,0.0,0.184817020761536,2.6821121921544495e-27,0.011317347292729665,9.238642419807261e-14,7.558268998558712e-08,0.0,0.0,0.0,4.834105207192946e-41,2.110579856150397e-19,0.0012923559942105678,0.016021749602694337,0.00680472067226318,3.047231310186963e-31,3.688056124508174e-09,1.860714553355207e-35,3.6236573029285055e-27,4.16842997127385e-10,2.136719978240424e-51,2.39118154101379e-14,1.829809668193559e-38,6.205085626208797e-12,1.1252740313683711e-29,3.999331018299011e-12,0.0,5.626988539233861e-14,5.904468805949946e-18,1.7914741076154565e-43,3.860220751352839e-39,5.174261379203099e-38,9.876941883149973e-17,1.7513875250505082e-37,2.764192479047202e-19,6.556207409603759e-13,6.28534999413475e-11,4.553736542834415e-35,3.88085553863063e-55,2.310172921590465e-19,1.5357630337109078e-30,0.0,6.0149403239455936e-21,2.951041664193701e-22,1.5390955969090957e-17,9.617323414948057e-41,0.7290618009509502,0.0,7.57638511148197e-22,5.740926081437783e-18,1.608908414850371e-36,1.775010712290196e-16
0.6678260869565217,0.00024774382421848977,303.74338219059797,1.1024317189946,0.048144373604999076,1.7289839749105393e-25,5.4994508270811485e-30,0.18516043589450626,7.316632525851512e-25,0.011652389486857201,8.052828124687701e-13,2.320879407303481e-07,0.0,0.0,0.0,0.0,2.247263146188215e-17,0.001290078258840224,0.016013796347458014,0.006841252485176982,1.4851706745568658e-29,1.3647820177827882e-08,2.0611454243374347e-33,3.310286668742057e-24,1.5625648601387318e-09,2.506990788639219e-48,8.45513051203049e-14,3.514208539976691e-36,2.251180749068674e-11,1.4998831541933686e-29,1.5375773705044544e-11,3.946760787876773e-37,2.3167055632231563e-13,2.431581513512578e-17,3.9367577511459246e-43,5.822378949456992e-38,4.10688083535856e-35,2.902774978144695e-16,2.3260906504378545e-35,3.926119934049084e-19,2.252617465851651e-12,2.3261584197889109e-10,6.271693059965843e-34,4.7980154509818025e-52,8.619436404377101e-19,5.474561182577583e-30,0.0,2.21903707852055e-20,1.0887344941722131e-21,5.559179389597295e-17,7.474099621262839e-38,0.7308974263499577,0.0,1.5239026604170812e-22,2.531467101189304e-17,5.780116161819737e-34,7.353388025107263e-16
0.8347826086956521,0.0002518841207696894,309.86343847702835,1.0843115661524585,0.044353405437323884,1.5306049934754086e-23,0.0,0.18548527526344913,2.4151645832313865e-22,0.012510049064552968,4.732652596207413e-12,6.789045904678283e-07,4.886488602994471e-59,7.467956784657534e-38,0.0,0.0,1.3422429692196524e-15,0.001279707596138122,0.01593454234497324,0.00693501573801293,8.605447400282803e-28,4.794759913171376e-08,1.1309965415413643e-30,1.1166138486868963e-21,5.5607856727900704e-09,4.683328916467106e-45,2.841611542123615e-13,1.0026464761216587e-33,7.758969343398957e-11,2.6817959265557802e-28,5.615082611048943e-11,4.307436564972716e-34,9.055017772248478e-13,9.506680877957373e-17,1.4844654030739929e-40,1.1018649344094853e-36,3.370357987349765e-32,8.121639082958224e-16,2.6464482152424993e-33,7.995491677358089e-19,7.358776574750382e-12,8.180130233127266e-10,9.516627060893141e-33,8.944771506738439e-49,3.0566637202479797e-18,1.9339361609507566e-29,8.71746217350737e-38,7.778841621872839e-20,3.816672876866728e-21,1.9377375676469511e-16,8.022293914246838e-35,0.7335012711775343,0.0,7.896024645868109e-22,1.1060620064724378e-16,1.8444395544663661e-31,2.892117249561203e-15
1.0017391304347825,0.0002632991109655329,325.3866214214559,1.0373037734682036,0.0388525192250506,3.881091758301573e-22,0.0,0.18544856555228514,8.346380787717271e-21,0.014654973973576776,1.7060727641484846e-11,1.910491759705961e-06,1.4619671948187823e-64,2.490866694658161e-45,2.8347353460414142e-33,1.4521751085629303e-34,1.4041081307058382e-14,0.0012467108582243358,0.01563662716066602,0.007200027523538005,3.364517524392153e-26,1.613433273524973e-07,1.21150735792263e-28,3.791738863174671e-20,1.895568396950708e-08,1.8062390048749624e-42,9.16871730659444e-13,8.622726735707459e-32,2.565327175270823e-10,9.878519235767947e-27,1.9680166615257109e-10,6.101484462123642e-32,3.3902898094093034e-12,3.560431560922549e-16,1.526073184196781e-34,3.9447277049985086e-35,2.474327170748387e-30,2.1791018323139936e-15,1.2080027385697082e-31,2.74087843939865e-18,2.3085460314852575e-11,2.7609194294214494e-09,2.0507143666151917e-31,3.1715645550256125e-46,1.0381947559982659e-17,6.377875912851214e-29,0.0,2.617226296185112e-19,1.2841712521753096e-20,6.509346815168123e-16,2.8206745456667797e-32,0.7369584816571523,4.502030040761398e-29,1.0597831944813165e-20,4.677750401426267e-16,1.5640245751607338e-29,1.0896455054090793e-14
1.168695652173913,0.00029241261867174836,363.366558890922,0.9340269242733241,0.03134968945404309,1.8395704477832848e-23,2.2822365603546763e-25,0.1841461785005127,7.977442135135779e-22,0.019602839738454322,6.462051312223929e-11,5.048862600315698e-06,2.5225110847002477e-53,8.110246251655502e-44,2.817635248005443e-35,1.2330017112452106e-36,6.38343372181911e-17,0.0011595923878402008,0.014776328512408583,0.007946139661595006,1.027250548625821e-24,5.03510382430351e-07,4.4457236303170435e-28,4.915353518101758e-22,5.991828106875453e-08,7.087486603993087e-42,2.7602023809508428e-12,7.482760060116179e-32,7.896037598194578e-10,9.462821119181523e-27,6.430077732086327e-10,2.429303798512093e-32,1.1750630447343235e-11,1.2343921699830296e-15,1.6622622585915777e-28,7.508155017385449e-33,3.7753189035974804e-31,5.457216743559794e-15,1.9156794666760766e-32,1.5747444054550665e-17,6.763602346338142e-11,8.680422908084812e-09,1.4426970469564153e-29,9.506188111489297e-46,3.267165248218699e-17,2.898816794960206e-29,6.132021123106339e-45,8.203421348639455e-19,4.0251950981922174e-20,2.0394062620297533e-15,3.436709257325418e-28,0.7410136091940318,9.419121251926604e-29,2.478055366536311e-22,1.8353645637960057e-15,4.5344063615577485e-30,3.800004114738779e-14
1.3356521739130434,0.0003591814585643564,448.8540901707838,0.7603969163402193,0.02216550841583868,6.41474924870794e-20,1.9761417269942243e-20,0.17996056362458784,2.1575189130777467e-18,0.02934477396566699,7.300577874034411e-10,1.198378745570851e-05,2.1092997459246724e-42,6.593271881455898e-40,8.620701445873193e-31,1.170407885452153e-32,1.2307222939555618e-15,0.0009696081162600235,0.012768452066505499,0.009820080426435984,1.0717452475312462e-21,1.3776047909202494e-06,2.5604068905981542e-24,5.2716287291339576e-20,1.6597766481092296e-07,3.892676782905759e-36,7.366480023120632e-12,3.30606885253561e-28,2.145720686030859e-09,9.385030781153872e-24,1.847396243117966e-09,2.7554069179483702e-28,3.553670343945969e-11,3.734181226070656e-15,0.0,2.2010481945834197e-29,1.1132395729576614e-27,1.2162903181771138e-14,4.544857993102507e-28,1.5501467625288045e-16,1.7602179482069406e-10,2.4108141945437706e-08,9.871910854052697e-27,3.0762094006327317e-40,8.996132163487417e-17,5.31146571753657e-29,4.112913527204385e-41,2.271768352634389e-18,1.1147162924049368e-19,5.647092900095461e-15,3.7770791142591416e-29,0.7449574569644069,1.360513159489653e-28,3.533473972731841e-21,6.282123086891605e-15,2.675852598480537e-26,1.15594028898951e-13
1.5026086956521738,0.0004906099860005641,616.0179886712249,0.5566915475046951,0.012243484663018573,6.237710381006258e-15,3.023584505297218e-15,0.17117757781240853,6.696042695058877e-14,0.04498695618674436,1.4676771542370766e-08,2.4734924399310442e-05,1.0927582918153198e-31,0.0,3.896468364636853e-24,2.8731946313382534e-25,2.3542199441002922e-12,0.0006324988272199674,0.00898800318902774,0.01373596294785726,4.860747970734159e-18,3.175767235435309e-06,6.89280246798956e-20,5.268469391931823e-16,3.8707216165659256e-07,4.69148620090496e-29,1.6797213436113132e-11,7.447120590532508e-23,4.9558744177234716e-09,9.704434025228976e-20,4.491050995486034e-09,3.25234915501778e-23,8.982955289302782e-11,9.442220936764228e-15,1.1062809184909426e-28,3.2416458020730126e-25,2.0373959242639448e-23,2.337813222446338e-14,3.6334240910712977e-22,5.938529510079547e-15,3.9251853948534287e-10,5.690724823864266e-08,3.3748881083990474e-23,1.6394638916774738e-33,2.0814981429428474e-16,5.1746356987749996e-27,9.523868995427212e-34,5.348570512575874e-18,2.624489049511406e-19,1.3295059811063727e-14,1.0704314204022026e-24,0.7482071370770418,1.6416037037049546e-28,7.346605627457878e-19,1.7905991419198904e-14,6.302924747394585e-21,2.9375204717284955e-13
1.523478260869565,0.0005145803396353571,646.5073142440416,0.5307588154611674,0.010749048415691652,4.6937988990200154e-14,3.107598764041821e-14,0.16930179750541538,4.407580088436066e-13,0.047908091751525286,4.006831302346806e-08,2.733941546074843e-05,1.4258632737281202e-39,4.03556764316542e-34,1.0926113592509257e-22,8.564938553121118e-24,1.0860054353961828e-11,0.000565301864423382,0.008205775365056386,0.014612954649469186,2.913206148337087e-17,3.574468341639041e-06,4.886711007169929e-19,5.147087201753072e-15,4.3595002285205464e-07,6.7716157679530295e-28,1.8871180036535768e-11,6.790446680394851e-22,5.577723388804025e-09,6.781813703326704e-19,5.102784539219136e-09,2.599641936914167e-22,1.0264211783374124e-10,1.0788769513619705e-14,9.621481867105568e-28,3.910591442544213e-24,1.349644590985479e-22,2.5530717142218848e-14,3.535197406887844e-21,1.9600123533659495e-14,4.3935202053310497e-10,6.430262248968675e-08,3.482342186862725e-22,2.089583180441846e-32,2.341025557060112e-16,1.6473111426496462e-26,4.1105462436003066e-35,6.041007369470751e-18,2.964259096522686e-19,1.501611661088176e-14,8.120633368913454e-24,0.7486255649904726,1.6652110870430273e-28,1.609038750205865e-18,2.0398639911857484e-14,6.148741631178898e-20,3.3656880217908566e-13
1.5443478260869563,0.0005406548958815239,679.6631213277677,0.505160776351076,0.009249171715047399,3.374643891158324e-13,3.161919126564444e-13,0.16722729671483716,2.8159088227352106e-12,0.051016166704834144,1.0016336541374583e-07,3.0177003656920235e-05,5.588456616775295e-44,9.898556619782533e-33,2.7686716312353323e-21,2.2434425225147837e-22,4.546189634110826e-11,0.0004923226698932024,0.00734622234998182,0.015603222819043965,1.7017177929179535e-16,4.0249554177417315e-06,3.268064022213787e-18,4.047344557346512e-14,4.906731468935618e-07,9.445530718610004e-27,2.119739073843143e-11,6.0362781874394396e-21,6.276377283027489e-09,4.696049875302009e-18,5.8028406260016925e-09,2.0283983322425717e-21,1.173736675948469e-10,1.2335684317929685e-14,7.782363252962318e-27,4.0223037139438045e-23,8.739593566838546e-22,2.7840972529024158e-14,3.2660730973036343e-20,6.190260128630063e-14,4.915758050917025e-10,7.266813983392233e-08,3.1044206240672045e-21,2.5624451663553655e-31,2.6317616347028537e-16,5.113253387580786e-26,8.644978932848718e-34,6.8238616307621775e-18,3.348381859141022e-19,1.6961610063247707e-14,5.913906769055158e-23,0.7490307188037697,1.6858336440283285e-28,3.1589121008570216e-18,2.3040540677267533e-14,6.074632303804599e-19,3.8645259772841065e-13
1.5652173913043477,0.0005688649178668574,715.5284327825237,0.4801091059906805,0.007747069935421743,2.351101388381326e-12,3.1624619198649186e-12,0.1649476672175527,1.7846839708734807e-11,0.05430761820629686,2.4927885620641155e-07,3.321543365668814e-05,1.5217365631224314e-40,2.462403674260864e-30,6.282147167295401e-20,5.202339733022607e-21,1.7010876362788115e-10,0.00041345099414872883,0.0064068486795120115,0.016714492951133034,1.0385217343566467e-15,4.538791863455227e-06,2.2035393412034258e-17,2.718949120646679e-13,5.501967272274719e-07,1.2940469031709293e-25,2.3788415426536467e-11,5.3344278854595166e-20,7.05485670220172e-09,3.328272769816886e-17,6.605811402889434e-09,1.581698850649623e-20,1.343144559148295e-10,1.4104962502481883e-14,6.0534371511281e-26,4.0421171787178767e-22,5.6681489278670165e-21,3.0308886236228984e-14,2.900199917400787e-19,1.9740064492662362e-13,5.494233361393563e-10,8.207467233254901e-08,2.7510054400803716e-20,3.0755695312610853e-30,2.9554668597359083e-16,1.6223646052918127e-25,1.1613636865798585e-31,7.704368126431416e-18,3.7803306508518045e-19,1.9147396323202047e-14,4.1071705391157837e-22,0.7494242016774896,1.7038314506082245e-28,5.5762730396694116e-18,2.5384422120326516e-14,6.16527949856499e-18,4.4614005360090783e-13
1.586086956521739,0.0005992016492770472,754.0958073847698,0.455801161147896,0.0062464063630331456,1.5549113812129844e-11,3.020333883206587e-11,0.1624596074037359,1.1138549501566274e-10,0.05777581476986304,6.013589996565656e-07,3.633922791778433e-05,1.3484588368244083e-37,3.271983745502335e-28,1.2360181699603394e-18,1.0400011679695943e-19,5.578747988749973e-10,0.0003286854366724006,0.005386866475363052,0.017952430114973463,6.563238144909051e-15,5.123858168909194e-06,1.470383608985122e-16,1.4836339867321469e-12,6.060479737318956e-07,1.718379116628451e-24,2.6633530940804318e-11,4.637124710225904e-19,7.905264105633426e-09,2.3963625566398434e-16,7.523007768099879e-09,1.2302335192338038e-19,1.5441537942949187e-10,1.6142666803939468e-14,4.394209332405319e-25,3.822033593965323e-21,3.657415021544876e-20,3.29335640866243e-14,2.4204999441508696e-18,6.276413537097938e-13,6.129577712857855e-10,9.259190537353205e-08,2.3372883153850636e-19,3.5717394721205233e-29,3.3138170853933466e-16,5.551302927690385e-25,1.3126270132946858e-29,8.694125139080586e-18,4.2654326438196716e-19,2.1586815753990008e-14,2.669529347217212e-21,0.749807409411362,1.7196058345713465e-28,8.791424129740087e-18,2.6572317009883982e-14,6.258799611733761e-17,5.245204629743152e-13
1.5965217391304347,0.0006151238736842251,774.3410529812245,0.4440026264027413,0.005488940761364363,3.8889473945556014e-11,9.107682272849009e-11,0.16112151582898454,2.767861130844164e-10,0.05959480865698973,9.171957611911707e-07,3.7795323208503614e-05,3.61118963134152e-36,3.474037887703564e-27,5.184335905816193e-18,4.389657558034197e-19,9.591210934096846e-10,0.000283666048568654,0.0048408884163129735,0.018627666180265623,1.658373023077841e-14,5.397938965231308e-06,3.7225253683856554e-16,3.1803910462585e-12,6.181612502496709e-07,6.172764626750096e-24,2.8112631282790363e-11,1.3553278339066291e-18,8.335579176779736e-09,6.442469681297248e-16,7.98115593708312e-09,3.463399173385916e-19,1.6765858161995258e-10,1.7349374616390746e-14,1.144759535033667e-24,1.1435825216331503e-20,9.297659078093089e-20,3.432329889348843e-14,6.77104163933439e-18,1.1188502002468948e-12,6.472813212393387e-10,9.837720501946301e-08,6.679290056415608e-19,1.2021573361080498e-28,3.5094662428680296e-16,1.0889843978603609e-24,1.2846683707761688e-28,9.253954747775847e-18,4.539233784483667e-19,2.2920893306833576e-14,6.61843293681318e-21,0.7499976685804634,1.7268121646335333e-28,1.0566816907463059e-17,2.6368842567253114e-14,1.9709973719375605e-16,5.810456391269609e-13
1.6069565217391304,0.0006314913759684987,795.1532288357519,0.43249434845259105,0.004735727563925315,9.474388842717119e-11,2.6816146130232946e-10,0.15973516910267227,6.837762080152462e-10,0.06144921870544535,1.3724192627183102e-06,3.899519152581285e-05,8.781696206680641e-35,3.4498681543891794e-26,2.085628793253825e-17,1.7755729160017616e-18,1.5895480710936068e-09,0.00023750538833220957,0.004277271392217427,0.019333434854901896,4.144384896428443e-14,5.5874277417236895e-06,9.12149135962554e-16,6.392214479733936e-12,6.081658454132577e-07,2.1822634585077078e-23,2.9542293482730684e-11,3.912116415487513e-18,8.730849435668174e-09,1.7144575599506348e-15,8.355952566458147e-09,9.843299838329806e-19,1.8495414523465622e-10,1.8746285768516017e-14,2.890595785216756e-24,3.33184532382485e-20,2.3561471208420403e-19,3.5752374125087504e-14,1.838771785679625e-17,1.9852563729442626e-12,6.828995728449144e-10,1.044871000284768e-07,1.863089648412583e-18,3.99726960693726e-28,3.715033624747312e-16,2.2456684517376135e-24,1.176084938594396e-27,9.87153369239947e-18,4.840790448248081e-19,2.4318127137406248e-14,1.6044908445566156e-20,0.7501849846714213,1.7336053125645705e-28,1.2290370704516233e-17,2.5601261730139743e-14,6.071530782208292e-16,6.538637987765474e-13
1.6278260869565218,0.0006651496173929689,837.9491700996055,0.410608810831288,0.0032751498765404155,4.985450832858195e-10,2.0821841800355927e-09,0.1568914444261349,4.037996378174356e-09,0.06517186912037584,2.832830409685694e-06,3.954848432362634e-05,3.3210578222004777e-32,2.5454863309103218e-24,2.8417791759819346e-16,2.4411113979188728e-17,3.787718170107436e-09,0.00014493092219487657,0.00312786334281958,0.020797030748565586,2.296361003396326e-13,5.3112519013245316e-06,4.447070621792903e-15,2.0351020920453008e-11,4.809045736327743e-07,2.5053865503236574e-22,3.169882497375641e-11,3.015365394415824e-17,9.164752394564472e-09,1.0918430689928188e-14,8.33012329674095e-09,8.174330534306744e-18,2.42440778112803e-10,2.246626028754221e-14,1.6278693590843793e-23,2.5374219058751695e-19,1.463665987505841e-18,3.8675204629949885e-14,1.187381280680742e-16,6.024744820555651e-12,7.556741677432317e-10,1.1751280439852723e-07,1.2874801865998347e-17,4.1666361279261476e-27,4.149609871046496e-16,1.0527857085590975e-23,7.403431802165574e-26,1.1378335144681794e-17,5.576799706526477e-19,2.722269078042389e-14,8.692805252220825e-20,0.7505433916206363,1.7460487118801186e-28,1.4393012702176913e-17,2.2980125554510566e-14,5.011956341620919e-15,8.484188326395685e-13
1.6486956521739131,0.0006970066087857702,878.4617552244783,0.3918428047018571,0.0019495609783323157,1.656762356397765e-09,1.0753118829471213e-08,0.15417207747151349,1.8267304467106647e-08,0.0686676804883871,4.524052006961607e-06,3.116445708842327e-05,2.647181827657053e-30,6.29755892819332e-23,1.9924040126575046e-15,1.7211229580135573e-16,6.001489139042414e-09,6.470666583663904e-05,0.002026487962619216,0.022215263957549223,6.398586270658511e-13,3.2404752807710476e-06,9.09366825168817e-15,3.425115490828071e-11,2.035463950108456e-07,1.742040863778655e-21,2.8319390088675796e-11,1.3010671747517736e-16,7.078534780904784e-09,3.211920587674985e-14,5.073979671591183e-09,5.733033845212303e-17,3.591777406748672e-10,2.9262911624593016e-14,6.780109025522087e-23,1.265142931737555e-18,6.953530872784885e-18,4.1600764555730756e-14,4.697898748816895e-16,1.5237484990285678e-11,8.290448526592146e-10,1.3166239195788954e-07,5.713219364818537e-17,3.101766186226037e-26,4.592852846008964e-16,3.600848846244077e-23,1.5899331024195552e-24,1.420427362429832e-17,7.059817082019785e-19,3.002384764750396e-14,3.5859434323307947e-19,0.7508649081837135,1.7577444708945667e-28,9.25812949328247e-18,1.72566183781927e-14,2.0285060889934905e-14,8.426193177117432e-13
1.6695652173913043,0.0007201553917508997,907.9262795998499,0.3792495416396256,0.0010002277677581249,2.1746185208060363e-09,2.2956164386876723e-08,0.15218532465125661,4.0684145402935325e-08,0.07119778853086095,4.582297886965306e-06,1.5213613045284257e-05,8.810995523615649e-30,1.576104201159081e-22,3.4724681840995746e-15,3.009403615406721e-16,4.789006810145926e-09,2.1076714286463977e-05,0.0011770238734183786,0.023295224618495522,5.392263306599777e-13,1.2356401003423881e-06,5.255591434850146e-15,2.0741593087072957e-11,5.133478014259197e-08,2.8942916838846804e-21,1.498064733462023e-11,1.3156761333526032e-16,2.8354042157776807e-09,2.1600631787097997e-14,1.5122024421675684e-09,1.0048478683336774e-16,2.7762539300833185e-10,3.3912863165691215e-14,1.489090068863341e-22,2.331891234894154e-18,1.6081302397742047e-17,4.412052094782133e-14,6.9251967677631845e-16,2.5006200300215028e-11,9.024676829307446e-10,1.4542920975159535e-07,1.0059737950793117e-16,9.422613563795394e-26,4.792290952731594e-16,4.5318292806989925e-23,3.592422266589869e-24,1.8206483544036872e-17,1.0772644256697638e-18,3.218359550763149e-14,7.68493010930213e-19,0.7511020293354935,1.7698523884113657e-28,1.962822627430596e-18,4.6205295400000665e-15,1.6949003184809312e-14,3.4125226632668305e-13
1.6904347826086954,0.0007325459080845164,923.7314720455129,0.3728360160559253,0.0004950860961357394,1.4012849823061731e-09,2.2411559083781935e-08,0.15111939380714412,4.903323438096974e-08,0.07253308595581824,3.400746451251937e-06,5.8495106200757125e-06,2.4734332398275224e-30,6.864746182023769e-23,2.0397433073414974e-15,1.771171433878747e-16,2.361235288507276e-09,6.347923997544446e-06,0.0006703079449005597,0.023925014034886016,2.0355391361297978e-13,4.000569373075871e-07,1.5380516403546028e-15,6.5408511157525e-12,1.3109550865913411e-08,1.7452338704601724e-21,6.2908044514513966e-12,5.0493934888620534e-17,8.43190397283517e-10,5.5296695109749704e-15,3.2995103316285496e-10,4.979154815171031e-17,1.1415339786857633e-10,3.333194697192985e-14,1.5891420285061304e-22,1.7850644435661364e-18,1.996295604299442e-17,4.6227570795968477e-14,4.731874785692884e-16,2.775471752244452e-11,9.67296921858867e-10,1.5546989510496813e-07,8.440988880446984e-17,1.2323321639370755e-25,4.549285793561103e-16,2.47192983815392e-23,1.4841688023030401e-24,1.8994278688612162e-17,1.721303415617034e-18,3.3555588409359844e-14,9.073857492985535e-19,0.7512408678407677,1.783446300771698e-28,2.3136588525246304e-19,6.388630042834659e-16,5.077179342635775e-15,7.084242032256274e-14
1.7113043478260868,0.000738460541683727,931.2965334298241,0.3698503544055725,0.0002568176878188417,6.889184181804837e-10,1.4767839329954285e-08,0.15061128363825974,4.432925073593918e-08,0.07315445122004591,2.2836306853442675e-06,2.245469168485555e-06,2.782427130400858e-31,1.5679263671130387e-23,7.701367019924943e-16,6.694810160443343e-17,9.91523362398059e-10,2.074116430006023e-06,0.0003990625280765066,0.024256346023203597,5.935085462062447e-14,1.3442513091950356e-07,3.959673400941171e-16,1.7225518338416786e-12,4.1115276136409575e-09,7.707976793446215e-22,2.840533352654347e-12,1.4319895549288247e-17,2.563744005345449e-10,1.0457686967528784e-15,7.226615000918077e-11,1.5167887788883643e-17,3.850122438303462e-11,3.195387346392438e-14,1.1222331359430153e-22,9.352245745053626e-19,1.8548774141515642e-17,4.816235826859146e-14,2.3907679504691076e-16,2.5182913490225703e-11,1.0141211727897463e-09,1.608652296744084e-07,5.150427928288206e-17,1.085444198198339e-25,4.1729609485998874e-16,9.51529097360491e-24,3.3063812777260907e-25,1.794691405094281e-17,2.5236538542513087e-18,3.438273516463833e-14,8.052303664855896e-19,0.751315074095693,1.797942421683848e-28,2.6287193084498887e-20,7.6503988749897e-17,1.121022626883697e-15,1.1637647396841398e-14
1.7321739130434781,0.0007413370762498859,934.9859404189842,0.3684155039917167,0.00014267659056870613,3.2122156940884526e-10,8.329799739000595e-09,0.1503652730364036,3.581291598036241e-08,0.0734475021424681,1.5203983164853674e-06,9.245457683548637e-07,2.6454813850626665e-32,3.1958062481607612e-24,2.5927548062204746e-16,2.255273260211824e-17,4.143129851875985e-10,7.691766181158709e-07,0.0002527617310679073,0.024432819667428916,1.7210092415427856e-14,4.989772200601782e-08,1.0840989463717151e-16,4.645979603179688e-13,1.5327251676691131e-09,3.3819208417974335e-22,1.4901086332214493e-12,4.051327488680601e-18,8.85546131647296e-11,2.0259686476172084e-16,1.8045377018291295e-11,4.186538729075256e-18,1.3156487364116173e-11,3.1235716345911597e-14,6.674401811319973e-23,4.438683916618325e-19,1.5370370945501005e-17,4.991023031794551e-14,1.1295771282103435e-16,2.1078895822301845e-11,1.044453189998471e-09,1.6292431433447064e-07,2.8611795116566175e-17,8.33262072546196e-26,3.8560038051089696e-16,3.389815310798879e-24,6.657774151667639e-26,1.6891067238807927e-17,3.3546782429746515e-18,3.488169337605808e-14,6.407995071238324e-19,0.7513554922909682,1.8125288462250635e-28,3.566686504953568e-21,9.985861744546115e-18,2.55437780024362e-16,1.9491971391119626e-15
1.7530434782608695,0.0007428483623732522,936.9293145948174,0.3676661001762764,8.351323414877869e-05,1.5050307690096597e-10,4.417010293607244e-09,0.1502368050721886,2.7545033023256583e-08,0.07359681418666122,1.0224971860294491e-06,4.032381247776873e-07,2.4888362226692746e-33,6.416159683524791e-25,8.241624619953218e-17,7.171298326815806e-18,1.7147058252261712e-10,3.062143799462699e-07,0.0001689195921985286,0.024532927716855998,5.061159454090355e-15,1.949936104853191e-08,3.0744469072537593e-17,1.2757308234593458e-13,6.095840938784521e-10,1.5533210717867191e-22,8.746125208801995e-13,1.1661762529333891e-18,3.287176137998402e-11,4.095977384005192e-17,4.864196609634406e-12,1.1287528718039676e-18,4.594705222991189e-12,3.109068792393083e-14,3.726601156742864e-23,2.0796720864831348e-19,1.2093552014507102e-17,5.143515995615443e-14,5.329688805643319e-17,1.720948349650778e-11,1.0637510600310999e-09,1.6304457831502184e-07,1.5646885141367787e-17,6.106390570679546e-26,3.622358885876142e-16,1.1805931242667992e-24,1.3281371264692018e-26,1.6174237573964145e-17,4.135989923821119e-18,3.518164431543452e-14,4.878342663499179e-19,0.7513790716862985,1.8269186299167874e-28,5.311997548453627e-22,1.2839359881063385e-18,6.181340797041508e-17,3.2653475822461527e-16
1.7947826086956522,0.0007440370548383696,938.4641485492709,0.36707878924615017,3.8162129816273736e-05,4.684030937011326e-11,1.5442220783558758e-09,0.15013702230858783,1.7490959967996453e-08,0.07370793278993276,5.566841460476074e-07,1.1691863231306363e-07,7.434808560341956e-35,6.156972816362947e-26,1.50644792881238e-17,1.3111574405134659e-18,4.940910802303261e-11,9.246858738093229e-08,9.404284838047234e-05,0.024620992754318206,8.992493755253538e-16,5.539464203075466e-09,5.1186164708708815e-18,1.9938943253038728e-14,1.7304795063534989e-10,5.594503370839154e-23,4.885684936413074e-13,2.1875262836757653e-19,9.607550214099928e-12,5.3919773351114906e-18,1.0275798294828923e-12,1.8482025922190551e-19,1.1744841642649407e-12,3.1848124055582686e-14,1.432755434563917e-23,6.345935546778424e-20,7.979378107100896e-18,5.38574396965345e-14,1.6683133729381192e-17,1.2655610551063734e-11,1.0817498167418298e-09,1.6023643840503795e-07,6.224754425021797e-18,3.6160708862784554e-26,3.341734415300592e-16,2.614752408112392e-25,1.2680411762386045e-27,1.5514094404960017e-17,5.457183556616129e-18,3.5384698051641564e-14,3.05265477771201e-19,0.7514008949103708,1.8546748912219542e-28,4.429470531578579e-23,1.0382536579586596e-19,9.508335668870822e-18,3.338100238030799e-17
1.8365217391304347,0.000744531259566913,939.1047552335456,0.3668351592196019,2.0147285055836908e-05,1.7916581960084964e-11,6.2447624622123e-10,0.15009600386435057,1.175404808507145e-08,0.07375120652947709,3.362416613688619e-07,4.251705106538872e-08,4.0471232110880276e-36,8.760295541626477e-27,3.49244797659328e-18,3.039989691344171e-19,1.705128001682248e-11,3.60027028416613e-08,5.9117832270367346e-05,0.024661648825176775,2.1877602076975204e-16,1.997151525037618e-09,1.1447003732518663e-18,4.190551411928623e-15,5.982643432300829e-11,2.6159827701043067e-23,3.3750753422569605e-13,5.717480292280678e-20,3.711484281959348e-12,1.1742255083644934e-18,3.358834310999836e-13,4.3260020784903263e-20,4.0369812181478945e-13,3.2791064474504166e-14,6.508580917270269e-24,2.3630061825346717e-20,5.5253186801429386e-18,5.571888364654758e-14,6.398793614598399e-18,1.0256153182441978e-11,1.0900681848155983e-09,1.5615194864886393e-07,3.0314912469345655e-18,2.314284604238919e-26,3.1685253386153773e-16,7.674587746332329e-26,1.8003787209227064e-28,1.5221230887930838e-17,6.510462277900078e-18,3.532068693456893e-14,2.0234629086369762e-19,0.7514112891745938,1.8811390078037723e-28,5.9358190154206234e-24,1.196013587894911e-20,2.2243287745773686e-18,5.103121010971909e-18
1.8782608695652172,0.0007447740541355076,939.4205814127303,0.36671558448580477,1.1673311463387645e-05,8.10418011545016e-12,2.910643897529738e-10,0.1500760903955187,8.458421625798785e-09,0.07377112778740154,2.2024685725900257e-07,1.834731826617721e-08,3.614328843403018e-37,1.729310873259846e-27,1.0047538642983892e-18,8.746069648399044e-20,6.817579658971206e-12,1.6616944729764228e-08,4.024435898135549e-05,0.024683401807052665,6.822955317268491e-17,8.53329954027404e-10,3.2283506551784147e-19,1.1143026148330795e-15,2.3898152159559992e-11,1.466161187826218e-23,2.618992858034522e-13,1.9140502442949234e-20,1.7207012254242579e-12,3.6294700535270015e-19,1.4566348467826302e-13,1.3428913845047542e-20,1.7178715129609952e-13,3.366558311840163e-14,3.4791953096191905e-24,1.0377859857366675e-20,4.073646430390156e-18,5.721583613150806e-14,2.8992564642181057e-18,9.083970665883421e-12,1.0942677649282107e-09,1.5164282233423962e-07,1.7518215591213975e-18,1.6053487301977028e-26,3.0476910191453587e-16,2.846094588056881e-26,3.5502882553469945e-29,1.5072571301167155e-17,7.370843961016087e-18,3.508782770402194e-14,1.432402649830135e-19,0.7514170447382246,1.906344399962521e-28,1.1115097801072524e-24,1.85406515780293e-21,6.982915890033429e-19,1.0974241717975433e-18
1.92,0.0007449101487627345,939.5981557788886,0.36664859210369166,7.109633770202304e-06,4.116475918244781e-12,1.5059337702244423e-10,0.15006505986233093,6.433984223114157e-09,0.07378161961575648,1.5223527901757751e-07,8.866634983609911e-09,4.4971193603897137e-38,4.235369559183278e-28,3.3258148093865644e-19,2.8949720209573926e-20,2.9667292743810627e-12,8.364924435567204e-09,2.8806440961329498e-05,0.024696459036655863,2.4794456579642733e-17,3.9944262025334035e-10,1.0456917910561648e-19,3.4229688698441346e-16,1.0280178500874167e-11,9.259034752832989e-24,2.1697942280293256e-13,7.412702676085905e-21,8.749411224693592e-13,1.3419663597747622e-19,7.153136364056629e-14,4.959148836714748e-21,8.217403650306113e-14,3.443451521157901e-14,2.108953562249266e-24,5.112367795195139e-21,3.1621636067143493e-18,5.847192459905101e-14,1.4745802170411135e-18,8.603289181958378e-12,1.0965271918461617e-09,1.4702608895692466e-07,1.1432983880040401e-18,1.1855064657861782e-26,2.955234687898191e-16,1.2285161386503796e-26,8.690137782254402e-30,1.4987384198489652e-17,8.097242933985552e-18,3.473950307264508e-14,1.0684737443290947e-19,0.7514206208097097,1.9303143399274884e-28,2.4968751479928655e-25,3.2369006018953654e-22,2.5988492050362014e-19,2.8306950602589e-19
2.003478260869565,0.0007450329078511731,939.7590739186265,0.3665881842282699,3.2936105938381936e-06,1.5756210196946385e-12,5.876079608190822e-11,0.1500553112890475,4.481887340952215e-09,0.07379008324457449,8.843104655598422e-08,3.086910726919364e-09,2.5000248859904808e-39,6.14935396609855e-29,7.110097543396792e-20,6.188614515871761e-21,9.10417062263328e-13,3.2118966089602584e-09,1.725262168659139e-05,0.02470944700058783,6.214129066241901e-18,1.3845151038686162e-10,2.1734904458561444e-20,6.411437983102562e-17,3.12000350741393e-12,5.0942093803431e-24,1.710286445839129e-13,2.021453260837883e-21,3.4267328981546884e-13,3.533362597767036e-20,2.7427383545669875e-14,1.3105764986341306e-21,3.066267828298187e-14,3.5688660904473304e-14,1.1083190276625035e-24,1.8375054317157933e-21,2.2755286872499258e-18,6.049641286649108e-14,5.654762177103183e-19,8.775654907198203e-12,1.098203743794673e-09,1.3788641120156917e-07,6.749617915664465e-19,7.888373694002532e-27,2.8198389324604793e-16,4.022580582205627e-27,1.261056504207406e-30,1.4907796854541183e-17,9.272775734130352e-18,3.3792299221613757e-14,7.100956031429026e-20,0.7514243738248574,1.9745849761586962e-28,3.147489921457591e-26,3.689527932696877e-23,6.817944458326919e-20,4.660571667432102e-20
2.08695652173913,0.0007450923424654485,939.8373081383904,0.36655894415882895,1.654429695451027e-06,7.432337938371271e-13,2.8057631198389448e-11,0.15005067327042856,3.4988197618986722e-09,0.0737936644551554,5.6455815409937804e-08,1.3132135248812127e-09,2.6257387454520216e-40,1.3683118585852496e-29,2.0512078422446515e-20,1.785166727502533e-21,3.3639725355523307e-13,1.4078918532502666e-09,1.1063772916363794e-05,0.024716342685746486,2.037679407518013e-18,5.6143488964886516e-11,5.981513768516824e-21,1.612394960179713e-17,1.1194815502306976e-12,3.3494044263373286e-24,1.438810496490122e-13,6.990030969268077e-22,1.5206519867099612e-13,1.1850805006911517e-20,1.1915161822517184e-14,4.555154586575725e-22,1.3411143535166429e-14,3.671356562083089e-14,7.177303630487541e-25,8.134291975407601e-22,1.8243128769686194e-18,6.218496213336187e-14,2.6717852916630365e-19,9.811031997396485e-12,1.0984044701042499e-09,1.2915912642767075e-07,4.807150698303189e-19,5.926633202856915e-27,2.7124236748477224e-16,1.712073238090545e-27,2.805302705190248e-31,1.4867413530335844e-17,1.0263691780104975e-17,3.267404512456521e-14,5.2564710170782815e-20,0.7514264083561218,2.0140595123826072e-28,5.629595217957271e-27,5.444707062246405e-24,2.3117788070439757e-20,9.572521063507932e-21
2.1704347826086954,0.0007451252393670481,939.8807614802475,0.3665427617190779,8.495090667648098e-07,3.9737155223050453e-13,1.514924855302313e-11,0.15004814908340894,2.95197004958632e-09,0.07379539589576879,3.796892524600174e-08,6.282060162237648e-10,4.0400622001074116e-41,3.932002644406824e-30,7.031728631333518e-21,6.118721340970698e-22,1.366565392179545e-13,6.466391016235527e-10,7.352146114951199e-06,0.024720444649349832,7.683120547848842e-19,2.4334471927394992e-11,1.929405480261195e-21,4.7747269265040354e-18,4.3758067801482784e-13,2.4617718565278526e-24,1.252528332782452e-13,2.7248697011140517e-22,7.045292571514819e-14,4.473575821450295e-21,5.381239531693813e-15,1.847099048619988e-22,6.312619193104434e-15,3.758938083364466e-14,5.280407381666358e-25,4.0826041511404585e-22,1.5750082358909172e-18,6.367316362698869e-14,1.4306227324194945e-19,1.1651126574271181e-11,1.0976686208071712e-09,1.209357777659711e-07,3.834362476338337e-19,4.830300334505837e-27,2.619441919539202e-16,8.45036284255895e-28,8.060243146221947e-32,1.4844099573778696e-17,1.1151149278844023e-17,3.145469617592171e-14,4.1928901303053296e-20,0.751427644434657,2.048850896765575e-28,1.2305256023600292e-27,8.99451027751845e-25,8.911465844649916e-21,2.1446540442276925e-21
2.337391304347826,0.0007451541423667612,939.9191129424297,0.3665285449401797,2.8648584172803707e-07,1.6544808392061145e-13,6.407253905725616e-12,0.15004598990300952,2.519680872584526e-09,0.0737965903564957,2.0803820872386772e-08,2.1482043282687862e-10,3.36137242744385e-42,7.805466586171976e-31,1.6442970534939396e-21,1.4303893049174156e-22,3.7425756306240093e-14,1.9820828467949808e-10,3.7304115271796336e-06,0.02472439742252696,1.9472533142439956e-19,7.026177930662882e-12,4.113612750558151e-22,8.570477138458833e-19,1.1486005588392652e-13,1.6994703691273246e-24,1.0125120221151679e-13,7.160592436390094e-23,2.1827090201534227e-14,1.1398740647799838e-21,1.62836773772031e-15,5.494949642986561e-23,2.155046821394266e-15,3.9044447786522694e-14,3.688547363681173e-25,1.5024055234566305e-22,1.3982223589944714e-18,6.628033467573295e-14,5.969665692742971e-20,1.7225798903802575e-11,1.0947091945277292e-09,1.0611190545874904e-07,3.102366218111619e-19,3.865640352005911e-27,2.4553551513939247e-16,3.3782207076105156e-28,1.599854403607026e-32,1.4822166649195778e-17,1.2765165197219727e-17,2.8822185570083676e-14,3.195053579461827e-20,0.7514288744462155,2.1047998586057557e-28,1.6283449284219976e-28,8.575656427367004e-26,2.3183504458705694e-21,2.4004354558367535e-22
2.5043478260869563,0.0007451675229095406,939.9369303574244,0.3665219636176353,9.832444692914613e-08,8.072695849267889e-14,3.1895988152937526e-12,0.15004500957761657,2.44004321166763e-09,0.07379700715429355,1.2086856710184234e-08,8.677069435662158e-11,4.8815703371814724e-43,2.2805836368639334e-31,4.974380717577458e-22,4.3258282770013135e-23,1.168736164478747e-14,6.242413672827934e-11,1.910500023662411e-06,0.02472637922548663,5.805211665861537e-20,2.1562868023369804e-12,1.131661762104739e-22,1.9636449193097353e-19,3.417403234021684e-14,1.354766573355798e-24,8.337759629532686e-14,2.1847233155626988e-23,6.942629343898016e-15,3.4316471274370834e-22,5.133659573500666e-16,2.14051431517076e-23,8.626157037003876e-16,4.033158308730953e-14,2.936953004052035e-25,6.52226422828017e-23,1.4024869586275152e-18,6.869638119789091e-14,2.9177533485560393e-20,2.7843266523749405e-11,1.0881087055196814e-09,9.304399024474567e-08,2.911825028472579e-19,3.498176057754101e-27,2.294212979289996e-16,1.6492807347652021e-28,4.674143319331321e-33,1.481126167287599e-17,1.4375499709998743e-17,2.6032053807891174e-14,2.74717621222086e-20,0.7514294863763963,2.1434046940767297e-28,3.469274190536347e-29,1.0144875318969227e-26,7.040774420486099e-22,2.886043317144587e-23
2.6713043478260867,0.00074517421397435,939.9458631517708,0.36651867260091514,3.2645989882212025e-08,4.2677362458637384e-14,1.7488684863913285e-12,0.15004452779506514,2.619760785644669e-09,0.07379716300767744,7.154315897672189e-09,3.876248054372893e-11,1.0232622894327288e-43,8.645552005046254e-32,1.7595224009721564e-22,1.5295906726673598e-23,3.848955104138266e-15,1.890015223797874e-11,9.461019966788527e-07,0.024727429773915885,1.8517210189489528e-20,6.531469511903854e-13,3.7023457260495873e-23,5.1486706565778855e-20,1.0799196773974983e-14,1.188173718336574e-24,6.821343328024815e-14,7.12937800371955e-24,2.145409900933738e-15,1.1217842852750376e-22,1.5941875995563617e-16,1.0770462135382302e-23,4.154124549069164e-16,4.154443988508141e-14,2.512160574258106e-25,3.132225992769324e-23,1.5563502370436879e-18,7.104202730889611e-14,1.5444504295446055e-20,4.919161473422123e-11,1.0730565319200376e-09,8.155924419552214e-08,3.0442272191745423e-19,3.4722446050596e-27,2.1208741844203246e-16,9.110950856437718e-29,1.771876610064737e-33,1.480550611027659e-17,1.6121876914491e-17,2.3046431227552288e-14,2.5854378388863548e-20,0.7514298081594574,2.1655377864416164e-28,1.0261567236186632e-29,1.6078147641750457e-27,2.292764218410794e-22,3.638793876751368e-24
2.838260869565217,0.0007451776388297013,939.9504435508492,0.36651698805827876,9.953591885700668e-09,2.3174959758879828e-14,1.0379736601647358e-12,0.15004428543307163,3.1211816012514683e-09,0.07379722250307319,4.177576847532381e-09,1.8433053051953734e-11,2.8457259687406626e-44,3.997154048783572e-32,6.837044397800176e-23,5.941482568795048e-24,1.254848544211828e-15,5.136587742533945e-12,4.3221850142653536e-07,0.024727991198158706,5.889292895527867e-21,1.8116599748079366e-13,1.3570928586592156e-23,1.424914774387689e-20,3.401136241527873e-15,1.1198366840265106e-24,5.4167473863922836e-14,2.342553632013334e-24,6.115151572775184e-16,3.732689287845764e-23,4.61725797609847e-17,7.036956240269498e-24,2.402383229926064e-16,4.273992227223595e-14,2.2213558187112556e-25,1.6592145092212993e-23,1.9137744247231915e-18,7.336035800475735e-14,8.39416445295308e-21,9.645901862417891e-11,1.0346892072247905e-09,7.149080149326655e-08,3.4852175368606913e-19,3.746912132152931e-27,1.9209218254264805e-16,5.44924914874935e-29,8.191820023444897e-34,1.4802462767291425e-17,1.8148330488027907e-17,1.9771670429956778e-14,2.6291420272132107e-20,0.7514299787478873,2.1735096324732303e-28,3.521150602631018e-30,3.3286264157272694e-28,7.528770269061854e-23,4.758609573855271e-25
3.0052173913043476,0.0007451793401098886,939.9527208479308,0.3665161512380397,2.5958620999823633e-09,1.2296187097460799e-14,7.239364543550089e-13,0.15004416757556707,4.227024118743719e-09,0.07379724440551665,2.313544957449702e-09,9.297907966292148e-12,1.0762264311528689e-44,2.2080548446302667e-32,2.790930587660801e-23,2.424029621325398e-24,3.780145017175019e-16,1.1400653054795288e-12,1.7006643360674592e-07,0.024728279209107425,1.7392413018409636e-21,4.162748515126183e-14,5.310554144903053e-24,3.848071288502001e-21,9.942676213336557e-16,1.1228122176639633e-24,4.0462190214575545e-14,7.302574139628456e-25,1.5155531085806267e-16,1.1870247085125773e-23,1.1749018045244945e-17,5.812584695166982e-24,1.5427318509749523e-16,4.3948863500945135e-14,1.9055113900882584e-25,1.1199348791292833e-23,2.6698591299503403e-18,7.56070458519904e-14,4.456220549587927e-21,2.1130317414214602e-10,9.284616150142088e-10,6.269778593203732e-08,4.227855765720787e-19,4.434726114359748e-27,1.6787374903855222e-16,3.3503064423267765e-29,4.52511218474352e-34,1.480095242544914e-17,2.0619365480429976e-17,1.609506314289014e-14,2.8920125648721937e-20,0.7514300657579995,2.173123988476819e-28,1.2003380738195653e-30,7.194940509540845e-29,2.34852306079349e-23,6.835570456136272e-26
3.172173913043478,0.0007451800982727756,939.9537350684521,0.3665157782801383,5.122905591352859e-10,5.948084966915806e-15,8.681222093501471e-13,0.1500441164057782,6.9377041996201056e-09,0.07379725080334432,1.132866815199478e-09,6.125406910310587e-12,8.377691447688799e-45,1.4986261216138225e-32,1.1541031869922439e-23,1.0002678857999244e-24,9.503905441797301e-17,1.7534697394158765e-13,5.087601850301879e-08,0.02472841123400733,4.322659809759909e-22,6.677178763882483e-15,2.124426958140697e-24,9.183371007876176e-22,2.432454132780589e-16,1.203378421937713e-24,2.6984988815554315e-14,2.0097131754766683e-25,3.032879409376376e-17,3.3602655157489794e-24,2.4597701833118824e-18,5.7933144571648855e-24,9.694456697246115e-17,4.51621774870926e-14,1.3071538827305368e-25,1.5517027178975245e-23,4.494440751791937e-18,7.758894772594226e-14,2.155974749305015e-21,4.764282503153229e-10,6.605811833846117e-10,5.508643717902985e-08,4.667790763092873e-19,5.9864291385892005e-27,1.380707883961857e-16,1.801001224734936e-29,3.071148544302426e-34,1.4800323328289975e-17,2.3687298834026634e-17,1.1967813526734454e-14,3.526627121537987e-20,0.7514301058671997,2.1709220335589267e-28,3.4497735799261093e-31,1.1437418045213214e-29,6.47914799843941e-24,1.2068754395677863e-26
3.3391304347826085,0.000745180339881286,939.954056782123,0.3665156593899894,6.580165084838568e-11,2.3600579937980267e-15,2.641391462942553e-12,0.15004409879112365,1.4032856309219963e-08,0.07379724909516983,4.729938498128846e-10,1.1655563583723502e-11,1.6404818620617809e-44,1.0571516540567318e-32,4.015835801984038e-24,3.4252066975325926e-25,1.6085402902672664e-17,1.491940533560405e-14,9.57167963665755e-09,0.02472845733804342,7.481139077112852e-23,5.881788024419898e-16,7.14586254508679e-25,1.610024901743398e-22,4.046308960516129e-17,1.3032448816627723e-24,1.4816273346617542e-14,4.5667846451475726e-26,4.145944852780011e-18,8.002317305946142e-25,3.623588596348177e-19,6.335295291396264e-24,5.214213584017021e-17,4.6267486667270403e-14,5.679603218782833e-26,5.385915919972743e-23,9.231059755792334e-18,7.883123213769478e-14,8.56022428510155e-22,8.404476464730215e-10,2.7814951459287347e-10,4.86514934627364e-08,3.4388623903629623e-19,9.086058859528737e-27,1.0360472580753492e-16,5.379381769661881e-30,2.166269720834039e-34,1.4800147953927023e-17,2.7271208168683125e-17,7.698056913748654e-15,4.587597107287641e-20,0.7514301208477784,2.1730359595002847e-28,4.733630487523633e-32,6.050167584523921e-31,1.4824960897057367e-24,2.5989615698499036e-27
3.506086956521739,0.0007451803649947989,939.9540885204194,0.3665156469966328,8.34285443752061e-12,9.60731737544397e-16,6.521134678526258e-12,0.1500440945389115,2.2434280925263555e-08,0.07379724473234565,2.6711745915835423e-10,2.687181257071366e-11,0.0,2.7699498796302306e-33,6.480315238777774e-25,4.794987353391489e-26,1.4035856641745869e-18,8.257248790960072e-16,1.256582157936559e-09,0.024728466596398734,7.806734953839722e-24,3.323297467820738e-17,1.0119836287312475e-25,1.526802581661838e-23,3.5878149261701565e-18,9.700969310045043e-25,6.767331346154674e-15,7.540211684479121e-27,3.1855587175897913e-19,1.4964905783496134e-25,3.226067779175317e-20,4.9255095791948554e-24,2.368655100902652e-17,4.6996362947590846e-14,4.3747841508281357e-26,1.3536294661156226e-22,1.4742116823899992e-17,7.878511134649755e-14,3.503127342755983e-22,9.973795093804587e-10,1.1201049314919353e-10,4.3555785459683904e-08,2.3064836437887983e-19,1.0214222878488312e-26,7.285067602469135e-17,6.820469687969265e-31,5.67438874901149e-35,1.480010444875425e-17,3.0494562988261706e-17,4.414146136468266e-15,4.205906139832781e-20,0.7514301254673134,2.174515682337107e-28,0.0,0.0,2.5054632844098225e-25,6.294683787158922e-28
3.6730434782608694,0.0007451803623085172,939.9540834019225,0.3665156482974152,3.0012521616070965e-12,6.896449971800387e-16,8.701334522753963e-12,0.150044094167175,2.5963008462264844e-08,0.07379724274167727,2.2669331455378525e-10,3.5538531868910336e-11,0.0,5.400875960796641e-34,1.0523603282936057e-25,3.639227044451758e-27,8.931515213605106e-20,4.2997130451680296e-17,1.5529823662631007e-10,0.024728467802067954,1.1505296880827095e-24,1.8723686048245864e-18,7.603917839883261e-27,1.0114608834517802e-24,2.3367321701794426e-19,5.377804471949904e-25,3.2210319155243798e-15,1.5000266942704763e-27,4.4680213647928755e-20,4.49556441130173e-26,6.7226674717919326e-21,2.7880308761362442e-24,1.1260421535126027e-17,4.73200972711313e-14,5.058214493952262e-26,1.7960291228854268e-22,1.6925633902033614e-17,7.817843483012905e-14,2.5232921693240057e-22,1.0301541533051998e-09,7.717794979396909e-11,4.0312807546119e-08,2.022944343699135e-19,8.812534825717847e-27,5.431021705892913e-17,1.3713603479320484e-31,1.107298015888729e-35,1.4800073880153693e-17,3.2455419001662955e-17,2.6922542505746555e-15,2.9692170138972043e-20,0.7514301274765668,2.174275819645117e-28,0.0,0.0,4.939722361019994e-26,2.69122018365235e-28
3.84,0.0007451803622998474,939.9540834019225,0.36651564829745104,3.0012521616398307e-12,6.896449971875087e-16,8.701334522792832e-12,0.1500440941688002,2.5963008462546063e-08,0.07379724274247661,2.2669331455624069e-10,3.553853186929527e-11,0.0,5.400875853539873e-34,1.0523603283050077e-25,3.639227044491178e-27,8.931515213701849e-20,4.299713045214602e-17,1.552982366279922e-10,0.024728467802335806,1.1505296880951716e-24,1.8723686048448672e-18,7.603917839965622e-27,1.0114608834627358e-24,2.336732170204753e-19,5.377804472008154e-25,3.2210319155592683e-15,1.5000266942867244e-27,4.4680213648412705e-20,4.4955644113504105e-26,6.722667471864761e-21,2.7880308761664456e-24,1.1260421535247994e-17,4.7320097271643845e-14,5.0582144940035543e-26,1.7960291229048805e-22,1.6925633902216944e-17,7.817843483097583e-14,2.5232921693513364e-22,1.0301541533163576e-09,7.717794979480503e-11,4.031280754655565e-08,2.0229443437210468e-19,8.812530031696611e-27,5.431021705951739e-17,1.3713603479469026e-31,1.107298015900727e-35,1.4800073880314e-17,3.24554190020145e-17,2.6922542506038166e-15,2.969217012560441e-20,0.7514301274738743,2.174275819668668e-28,0.0,0.0,4.9397223610734924e-26,2.6912201836815165e-28
